0001f5be-8c5f-4548-a233-77c234034e85-1546352872945,26085,1932,25974,25974,1932,26085
0002f444-4186-46f7-a7db-c57efa19e8ae-1531821549657,36006
000333bc-b5e4-454c-9608-d2feea8e22de-1522757850545,44606
00034caa-3f08-49a8-9659-2aecbc8940f6-1528803025315,43953
00055600-6441-4aa5-8ebc-5d7d75a563f8-1531602169193,44824
00065b99-8cb8-4b40-a155-e979c3558cae-1536314599039,9577
000855c6-5d45-4d07-8545-6758ca4d1d82-1547200062260,16121
0009eb74-f9d5-4f5f-80a4-2c6b26cf3225-1524593379031,29991
0009a152-1768-4e0e-8742-508826456de5-1536919085306,1586,46677,33129-Zwart,40883,20400,17303,45714-blauw
000a2f3d-a810-4917-b60a-b215f4b18a8e-1529424289676,8321,16255,44242
000a5272-1826-425a-9f40-f7871d8ca706-1533485710070,38815,43580,16052,3071,46352,41918,46353
000ae5cf-c93d-49c2-a44e-bb64e221e416-1538228147085,45103
000cb20b-d26c-4a22-ab90-9a582c7e7a5b-1547747447322,42751
000d54e5-235e-4c01-bb8b-23ab111ea9cf-1536618972100,40684
000efd25-78e2-4212-b1ab-aa27029b5a3b-1534673392747,38871
00126a92-8fce-41d3-bed7-e13af04b1c36-1537789477392,27121,35725,5274,27704
00134abc-8cdc-4f2d-a400-9c9e48c0a891-1528629378130,44733-l,44728-l,44732-l,44729-l,44731-l,43724-wit-l,44730-l
0013a183-2f6d-42d4-93f4-33273fddcbc6-1539944017954,41947,17267,21762,42218
00174990-bf62-458e-b9f8-06e17afbd8c2-1537970958560,2535,2536,34118,16901,29389,27121,27121,29389,16901,34118,2536,2535
0017b1e6-b35f-40bb-84da-3e6937f790c7-1524402456325,30813,27043,42947,33070,31738,23452,27962,40703,35173,9611
001a2b73-2bc8-4561-b4c1-3a2af6f07aa1-1538680737446,41517
001a8de5-bec2-4ace-a584-43eaf8267067-1547720646222,23978,3485
001bbd8d-dd04-483b-ad75-7a0741203c70-1521656446835,38815,25960
001c017a-7cb4-4f45-9f89-734f76f07b58-1536603337715,4848
001dbea3-2393-45c2-a0df-566e5d82b9a2-1524814765686,9685
001df542-71dd-4645-acea-05043b224de3-1537087965474,5170
001eb3a3-d16f-4c65-bef4-0492bb99d78c-1544773515159,47646
001e4ea9-18d7-48f4-b3cd-bd15ba0fbeb6-1540888999101,47673,47486,45249,39795,22014,29290,46035,45267,45267,46035,29290,22014,39795,45249,47486,47673
001f9838-2dbc-476b-b38d-fb8b64a6df42-1543173815457,43416
00201d20-105c-43ad-b2ba-96182fdf58ce-1528614903897,45849
00208aec-724d-4ea0-860d-0e07fbe6c3ca-1539773018108,33923,33923
00213e6b-b4a6-47b7-9298-c8ce52d479be-1536583240174,41528
0021bd2e-9cd9-4764-9d47-2073d8214fe7-1522699035689,42497
002301f9-972f-47b3-9bf4-e196526b1437-1532887100087,8067
0023b342-7817-42fc-ac2b-15678d03bdd3-1543930508559,45632
0023c1ce-39b5-4c3f-aa66-2e23625d40a1-1543042826994,32473
0024bef9-329b-4348-8f2d-782cda0b41b4-1532708886479,31309
002527fa-0ebf-41d3-811e-b2980a2da692-1541322511057,30763,46660,33497
0028019a-451f-46b4-ae47-d6a2c1e7ca40-1537477349697,35726,35605
002876dd-e031-4f22-9365-9de7aad8c47f-1536131502949,26201,44743
0029e6f2-3dd7-4cb9-9fef-fe4c4bfdcdef-1542276568165,43794
002aea6d-b632-4415-8387-bc3f705f714b-1524042613239,42449
002d29e4-ef6c-4d98-b187-4015d4ef2772-1543195915720,48077
00335ac9-13a8-4b08-aee0-ac52c43f4243-1535371869337,39407,46469,39408
00347142-364a-4676-81c4-4e8ad3c1ffde-1548017116727,3837,33601-donkerblauw,42678
00354f95-7d24-414f-ba15-3764126b28be-1539950891375,47506,45272
00362b6c-8bd9-465c-bea7-0beb2f701793-1531325201785,40765
0036ad86-9d21-42d8-98fd-0084e2a1dcbd-1540825335189,45199,47607,47522
00374ea1-3aab-4c22-ab67-01272fcb862b-1522607986465,40328
00375c27-72b2-47ae-97b3-3765fca7ec84-1547791499339,42679
0037c3b6-fb14-4022-90c3-92c30647228a-1545807397092,48335
0038c9c7-d421-4dbb-b8c3-70abaca4cb8d-1542466495934,48026
0038ec01-ae4c-44ad-936b-48ea3861044c-1542889759562,27121,1932,4201,46027,38815,40652
003a82ef-f238-439b-9870-c1d219f32501-1522161309028,41972-oranje,41969-geel,41969-paars,25999,7385,28577
003b71b6-8584-4a50-a79c-99622c80d23f-1533214937533,46254
003bfe58-ea66-4d14-85c2-f041ef61021d-1528965422727,39613,20821,21792,43003
003d28a7-bb8e-4d8c-85a6-4b90930a3ca1-1524507498288,44254
003fb610-4c8b-4047-a3cc-4e24b1aaa518-1522503469287,3768
0041ea5f-2933-4554-bb74-4cd2f26e9650-1527238128759,45934
0042a49c-652a-428e-8e55-056a19768131-1530712330767,32450
0043507e-c920-4d50-9068-327855c054f0-1524749135877,45237,45388,45375,40778,25960,23099,31754
00431a5e-8fde-4f31-a7cf-b2c99b36a748-1531937659155,20337,3485,39934,21792,42902,43569,25355
0046dcc8-a00d-4008-b32f-3332aafd8e02-1527501271580,4836,43393
00488c2d-6848-4999-9eea-5e33203b7272-1530617357054,25994,3837
004a1960-2c44-4d96-9955-baca67a6d540-1537867499964,38917,20008,8502
004c6535-f6a1-4231-b2ed-d8f65f161dd2-1529913136438,04342-cotedazur
004d8c91-7be1-4801-8a26-822132309380-1548016045675,41420
004dbcd1-3ee6-4d71-956d-87d48736ea92-1522663264348,45278
004efd78-c013-4ef7-be1c-7a283edd232b-1533227962509,46509
004fb934-413e-4f09-a6c9-9587695bc514-1535236329997,46504,40577,3896,20211,2206,1380
00510d74-e3eb-43f2-91ff-6ebcf163f5e4-1530642786703,2583,5844,20211,43578,3128,43563
00518ceb-a7e0-43e0-991a-5b410c8584ff-1547228696613,46343
00525d8e-831e-4a0f-b527-a9a4e4946fbe-1535528105826,41745,2583,5952,28252
0053b251-8a32-4ccc-bf48-dae889b61546-1547811487496,42880,21622,9391,9783,29980,21896
00549574-316b-440b-ae4e-508f4d87066c-1546808331290,46344
00553ec9-1fd6-4908-bc63-ca7ea4333a57-1532538213066,23142,22311
00570d37-6ec4-4872-90f8-83f6171abe7a-1537808266764,33923,41537,41798,34014
0058cd6f-058c-42ae-bc0c-15b1ba5febf4-1528824027554,43362-princess
005a7a8b-2028-4287-94dd-5f6e961beb06-1544970195951,48243,48243
005abe69-62c6-4fe4-8a22-a509f140b18b-1535180941150,46564,20106,44983
006104a2-0443-4fc2-be4f-bb8bb910625c-1529052041046,45388
00610b82-75a8-45c7-abe5-7b5f9766b7df-1538493782068,26926
0062f0e1-dd91-44d7-aa7e-3911096f9406-1530730633740,46005,46005
0063b2cf-49ed-4939-8ead-390fad60ce1d-1543741955435,16975
0063d87a-1a83-447b-af39-0cf25a60f022-1548185555712,32462-magicalpods,32190
006441ad-4a61-4e2f-9770-c2c405a58418-1544784907931,32518,30927
00652f61-939b-40ae-aae7-589ca137650b-1522837718365,41747-200,44436
0065ba49-f84e-447e-b57a-81c3c9fe57d6-1539358621685,29353
00665683-c277-472b-a84e-e4af3aa61249-1538588764385,47176-blauw-m
006662f7-8715-4c57-a66c-6c3a438df672-1539686472702,25974
0067cadc-2146-424d-81f9-25931967c245-1535096668473,30863,4848,3846,16623,20023,23384,16617,20337,42044,6978,4759,20254,33532,46501,46500,46494,32196,2154,45196,45689
006b1dde-8a20-4332-92b8-a5ef97c14bd8-1539936272142,35425,16908,7674
006c43f2-8aca-4933-a9aa-33da1fae5f4a-1527786944186,4123,45483
006d38d4-b45f-407a-8eed-56197ad01e0d-1544027142496,21633,29639
006ff882-3a03-4950-9e63-35d2f63be153-1543715011569,46509
00717bee-6c36-4bff-99af-ae17d6f425ba-1547045060840,42338-3pack
0071b396-b3e6-4ef4-bd18-44976a7409ea-1521814828821,25361
00725056-cfbf-4f59-9c9b-ffacbf3c1d8f-1535022358355,46565
0072694b-89c3-47fb-ad25-a7a0b08d29c3-1533282211648,7096
0072f974-23db-4a18-b069-6a2517834cca-1541163498798,47856,47853
00734156-9502-4203-802c-73b49b8948a8-1541676396357,9577
0073b93e-c0ad-4052-b373-3c7cbd5576b2-1543220982858,46691
0075fcde-8d6a-469d-bd10-848a160ca412-1546736837005,47966
00761a0f-887c-4f4f-8e54-b4129324a07c-1524681799840,41754,44828,29748,44826,35118,2666
007731cf-651e-49ba-a26e-d18963fa810e-1532521146052,45864
007930d6-306a-46e9-94d6-e0860cc3e23e-1545930953118,5170
007ba40d-a2d1-4ac5-a893-00ad3277426e-1539378025443,45516-bloem,38914,30328,30822,30822,30328,38914,45516-bloem
007c8df0-d250-4c18-878f-0842d5f0a0b2-1528979539000,1932,3837,1380,31164
007db7df-11ae-43bb-9d7b-5fe7bd3622fd-1522273917272,42331
007f8248-e742-49e7-a216-41ed46a0aa6f-1531856077606,34703,34700,33603,29219,9010-veryberry,9010-blackcoffee,9010-pumpkin
00811385-d16b-4cc6-8ba0-e9e6288e80c3-1541330144758,47752
00817492-48b2-401c-be1c-b4cf6364a395-1546161156807,22367,32352,30386,9660,3837
0081b3c5-974c-456c-8c48-0985e8d397b4-1542381303654,47947
0083c7df-fa65-483f-9ea4-25704d30d3de-1546776003331,36463
0084cb94-de58-4697-b03a-6e1cd990fbba-1543754544481,47067
0084b1ce-be6d-4859-99d1-12fe596eee60-1535360023791,34082,40765,47064
008506d8-e5b0-4cc2-9d1d-f70b02d7cc0d-1523015645827,43675,43430,28289,40066,27122,27122,40066,28289,43430,43675
0086407e-6f8f-4269-b24c-dfd664738c73-1528450474513,16946,43404,3896,2154,3071,3128,26277,43580
00872e78-c7d8-4398-9ba0-1d92b365490e-1530881003551,32450,16282
008953ec-3f87-4f18-b66b-da22488a3e00-1531234504586,1932,29811,24642,44822,20255,27550,26161,46025,29486
008d60f2-f83d-4efe-89b3-649e12b9fca3-1532373213741,32450
009036b5-38a2-4b52-86ca-42f1f622f984-1524836455715,22356,5272,41946,29297,33912,32032,38815
0091c792-3a2a-4edc-bf48-120d531d410d-1528450323826,45849,21905,42452
0092b32b-8ec0-4aba-85fc-d8f3bdedb670-1539709892891,1697
0095ad46-c4f7-4385-a7b1-c7cb6cfa1782-1535380082386,4120,40765,7131,43937,44125,41747
0097ab32-4a23-49ce-a27c-77235b67c78e-1533217609746,46819
00979b3d-affa-4d22-8a29-4dfc59042298-1532436359365,45864,45272,46637,20821,40586,46106
009ab0fa-8022-495d-89dd-27356fd320e7-1547904286200,43719
009b27e6-503c-4016-a261-cbd36fedad50-1543156670892,16917,41853,21895,29983,30334,26210,32230,33922,21634,35163
009e9840-8045-4833-aca7-c366ddcf99a3-1531171616076,25050
009eb99b-5e15-46bb-ba78-1011578b6647-1535959043859,47145,44561
009f0eac-0a34-4f9d-a413-c65983984b6a-1541782949348,26108
009fdf5d-c884-4196-909b-f4557de77f53-1545156566306,39638,35776,28516
00a2bb6d-0cfb-4b54-b62b-4281681fc985-1545162988333,42678,23743,45272
00a2bca8-b9d9-48ad-adcc-5e507a25ea09-1522772359416,31654,38815,20951
00a3470e-f67d-4613-9caf-dde9fe861816-1537711594033,45859,29219
00a4101b-e268-4cc9-84a2-4834934e71e3-1526392432139,41754
00a436f1-5678-4f98-8384-a4bb20018eb7-1523186984534,29522,2206,5272,29134,34178,43814,29960-lichtblauw,20089,41745,25960
00a5268e-82ca-401c-b82f-2d0e9798c8e3-1529049658080,45122
00a55bab-0b03-4bec-92f4-cde5caf27a83-1528964767578,39250,41957,41957,39250
00a776f3-d970-4a9f-9de2-327820923d9f-1529947089238,26194
00a9a1f0-8405-48ad-b650-453e24757e9b-1537632442335,33478,16346,2630,29607,29607,2630,16346,33478
00aa858d-0da5-418b-af8d-adcc5472b9c1-1538730254957,42335
00aafaae-a959-4e6a-af18-ecd407aa0f7e-1537125607588,31785,21177,29331
00ac23ac-ed7c-42dd-bcd2-9ca35a927bf9-1544124330233,46319,34848,45837
00add850-f10a-49ed-8b57-bb8fc6281fa8-1530608630846,43907,23301,25193,45911,9397,20846,43568,9553,22161,5193,5192
00af59c2-12e6-4df9-8b8e-14992ae18cf0-1534345245352,46462
00b1523e-84a2-48e9-81a6-fbaf8880c83c-1536923889190,47146
00b19fdf-8ecf-4d34-a95f-93a10ec3cb3e-1541058226866,24027,45267,46027
00b44aab-8104-4bc7-bfff-6bc6b3ddcdbf-1531925923370,38815
00b4fda9-9cde-472d-9dbd-b18aa4a5474f-1544968319316,1313,36111
00b500b8-84ca-468e-bb7e-cd3a9f66c932-1521634316522,42996,25498
00b5ce12-2bd6-4912-9aa8-158f7f16633d-1527875687869,39274,16800,5746,25873,24367,40277,4848,6857
00b65666-8248-42d9-92db-66fcdfd7dde0-1526310610275,28112
00b7b359-f363-4d7e-a24c-70179deff357-1544390068287,48328
00b8e8d9-edf6-41c8-b246-0da2bb9234bf-1544571499021,25314
00b9ac3c-7242-4550-b3c7-ddfe784bb3ac-1528694295140,28099,27886,5745
00bb7b4c-6947-4919-ad82-64c3735333f8-1543947262027,8366,31901,33539,33916
00bc8786-69ce-49ed-aa8f-dd8035e621d5-1544975639147,48243
00bd552f-a651-4fbb-995f-9c0cdcd65666-1535109303160,38815,46021
00be67ca-81ec-4b28-97d9-c2178a39598d-1544893696960,34118
00be8fb2-1631-4938-a9e4-880c6e239c10-1542921160193,48030
00bef6ef-62d0-4b05-90fc-c267189467f9-1546451819562,48225
00c0b49b-f07e-43ff-9582-6519ed58e750-1546260918088,45557
00c13d70-6912-47d2-b55a-8b96aa391531-1534101293049,46459
00c180b2-14df-4320-974e-c7e0648d5187-1535120742651,46564
00c48436-87aa-4a43-a2e3-c2385f494c9f-1535440240513,45103
00c49542-47c6-482d-a8b0-78be98951b92-1533924265314,40577
00c44e75-5827-4c3d-a6c6-3159f49d1138-1526071700905,31748,35118,35120,25960,4837,4836
00c5dcae-6955-4126-bae6-16ac96fd2519-1542606210988,35776,33933,17025,31354,17022,23384,6919
00c61807-56c5-471c-a2ef-d15579494b35-1531227674596,39613
00c87267-12a7-48a6-90b9-ab8dfd038d54-1547117235578,48225
